Image,Detected_Text
1_jpeg.rf.fa645bf08c4903f3f7e9ab8a6875cc92.jpg,KA1VTR 022M0-20
car-wbs-TN21AT0492_00000_jpg.rf.8152583db24cd739679ba5d5cf0e80ba.jpg,p1at 0493 TN
processed_IMG20200222210352_jpg.rf.57c73076d20145d6b36017da94627bd7.jpg,Ln @uss
ML38_jpg.rf.71c336e13e4d83c204db11bb18606e24.jpg,NL 0 6 46 96
IMG20200222205259_jpg.rf.f9c51e2d786699e88df8a219327b1653.jpg,MH0z 8T70
N40_jpeg.rf.afa71ce49c8a60c418171f605e84e0ee.jpg,"""DL0CA8A25X"
processed_c6fd0f06-b4f4-4ce7-aa6d-56d1e35ee9e3___3e7fd381-0ae5-4421-8a70-279ee0ec1c61_fe60d053ecf5c307b79e0c513a5cbaa9-number-plates-car-accessories_jpg.rf.c7a19710ecf844d9b152dd42085097de.jpg,erraho;
processed_video6_1110_jpg.rf.059138daa241ae3da6e54177d5e41567.jpg,Jh020s9385
video11_1080_jpg.rf.590550fcba0c95a5bb7f30ebf7bb805e.jpg,UWLMCY MH 47 Y 1124 69 CN6}
video11_2780_jpg.rf.354969af3fdb65aafb5fada26cbac24e.jpg,8o3bs 4060|
processed_AS25_jpg.rf.837b907eea03034e71d89a05ee075f7d.jpg,350115 46z
bcdc8b42-5dd4-48e2-8104-706440524bfe___hqdefault0-jpg_jpeg.rf.feffaf440ce9bcc826e4005260781a78.jpg,1ND T508ER 1643
processed_MP4_jpg.rf.d6fee97b0928de611a503a7180dab8db.jpg,MPLLL4nJ
video3_650_jpg.rf.e411a3140392ae2aa912b59d38ab73a7.jpg,MH 02 ER 9194 [@um
video10_880_jpg.rf.946d41cd2ba5226e231e435dea164cbd.jpg,111VDU5
IMG_20200222_183921_jpg.rf.98bd04b335b27ded5e568d279b9bea13.jpg,MH 46 X 6519
processed_TR5_jpg.rf.c1d307238f8b6e350bbcfb9df2dad4f6.jpg,etro 0403
video6_1040_jpg.rf.830c9a3f5409a563bd99af7cade58feb.jpg,2 [4h02059365
processed_IMG_20200222_225114_jpg.rf.bfc3af2ee61b033472aaa0f84495be3b.jpg,MiD1 Arz015
IMG_20200222_165437577_HDR_jpg.rf.6475866a87462dbc32f5d629b7396512.jpg,8 8 5 1
IMG-20200222-WA0024-1-_jpg.rf.4f334d496861c31da5cad16c03d8b350.jpg,040z882423
processed_car-wbs-KL05AK3300_00000_jpeg.rf.5d8f71c4e62578140ac51b3d4ad6b853.jpg,KL05AKj0
processed_video9_310_jpg.rf.2cad164b7208ab38c1cfd6d839606085.jpg,KhH2FH278 60000
video4_3840_jpg.rf.57c93c1515fb3a5290decfca21ab3e9c.jpg,[0z0[8oz !
processed_IMG_20200222_184704_jpg.rf.b99603249f6c385cb1dc6dcb54be8e72.jpg,MM 4J 0K 1501-
processed_video4_2290_jpg.rf.06352f3a3e29ef646cb1d8bbdd716ef0.jpg,HH d4 CT 9150
processed_KA18_jpg.rf.be60250d43707d60d24d5f6ca22f48b1.jpg,LieiLH1
processed_3203d548-aa8a-4332-b461-28627650016e___3e7fd381-0ae5-4421-8a70-279ee0ec1c61_nissan-terrano-facelift_827x510_51490600373_jpg.rf.2519b59f43f0d36b828589dfc335069c.jpg,'28k1M 1w
fac9f4e6-c4b9-4872-86da-79d58ea2adc5___5273-jpg_jpeg.rf.8f48665d6534cd14134514682ee41e38.jpg,"CarWale"" 0ura je"
processed_car-wbs-KA01CA2555_00000_png.rf.8f5532211ab0002e98c76bf4af645252.jpg,Kliala5i
N239_jpeg.rf.d22c4ec5500b4f572c33f711a2bb77cc.jpg,MH 20 EE 7598 indianauto 5kCoo 0ctova
processed_3e2306f2cf4b2c67_jpg.rf.71664a39afa7e1dae63a501af30d60ac.jpg,1ss6 M 62
IMG20200222153433_jpg.rf.5c311a052dfe5803d16e8c02d6066c3d.jpg,MH.02.CV 2026
TN7_jpg.rf.642bb939331c7c509d36223c7ef32074.jpg,TTn07 8T5778
N5_jpeg.rf.5a291daee9a4ca6a97751b1ed0c23614.jpg,REMAW0RKE 227Fk 8 0 Car5potterQv5
processed_car-wbs-MH20CS9817_00000_jpeg.rf.66c682d90d010bfae084de4a3efe947d.jpg,HH20659817
processed_video11_1360_jpg.rf.cfa4d8b7abe9f2f5bee7c5646e4ba1c4.jpg,190i0jlop
processed_ima07ges_jpg.rf.fdd3bb6bbb2bf6fd6d5f96b0eb8ef094.jpg,Klloae3z
processed_N22_jpeg.rf.7f921c19f49c36af1af9103265419c35.jpg,MaeQ Ccaeris
processed_ML38_jpg.rf.71c336e13e4d83c204db11bb18606e24.jpg,n 06 4696
processed_video11_2210_jpg.rf.dea98df95cf2987a57ab2321e6d379ce.jpg,pMA J65
AP43_jpg.rf.7bba2234375fd638e8cbbd957befff26.jpg,AP31867827
processed_IMG20200222205534_jpg.rf.1d054d3b05c6a49ec4496e8f02807f66.jpg,452ce4355=
5cbd7465-ad12-4e6b-8eaf-d7056c3852f8___New-2018-Maruti-Suzuki-Swift-radiator-grille-600x398-jpg_jpeg.rf.08a404185df737bc9d4f38abddcd2176.jpg,HRz6DK080U
video2_2150_jpg.rf.0a6e1537b5a0c6e9a64b048a29bb6163.jpg,Yo 17 F 0205
IMG_20200222_224531_jpg.rf.b646be9b8d0af2ea74eefa611d6471d9.jpg,MH 018U 2366
processed_video8_930_jpg.rf.90b4a5edadb1823e5001fdfd5a39c85d.jpg,N0c0723)C
processed_IMG_20200222_184105_jpg.rf.40c95975572c98285b958472b49d8002.jpg,MH126n7449
a2f87691-b9f5-4274-ac5a-8764e9ba282c___1571669d1477648169-your-favourite-number-plate-font-13-jpg_jpeg.rf.00dc9249e4a2f55c9552e5ccccf88590.jpg,65 9759
DL38_jpg.rf.288a83d438a5e3aa6fad95a729e695a1.jpg,L1L4C4032314
processed_video3_1730_jpg.rf.5a0cd7a9be7bf69cc345c0552213f9f6.jpg,ECmozEuoco2
AP8_jpg.rf.7d786fb9ac0154e8d6a2f2a2d2849728.jpg,KP16DP7065
N56_jpeg.rf.05544d5127ecff81402bac9f711251f8.jpg,DL3 CAK 932478 HEPUT0M0TUUE1ND1RC0M
f73b754cdb1ab677_jpg.rf.665b1f557b6af7413758579481e84b46.jpg,"Q VN429526 mgdesign,no"
video4_2720_jpg.rf.4d9c115cb22ae5061a6f19da7dff0ef7.jpg,VQUN WH0LAV746}
TR9_jpg.rf.269bf1f184ea24a114b0a32f3fe77d60.jpg,FR0uu5 06Q9]
19ff847d0cd1c5ec_jpg.rf.0f5ce138ee6e7861b401913f0160ac53.jpg,V328 FNN 1MD8 1mog25
N156_jpeg.rf.bf2fbcb4b0bcc2f6d9a5d7ec78894b30.jpg,Hvceol;
processed_UP3_jpg.rf.e5794e5ea2b58278defb85df3602e0b1.jpg,UpaoFa1666
ML8_jpg.rf.161cb36406c983b3398a9dc45a2045cb.jpg,06 J04
UP1_jpg.rf.c5f6c3cc247eebc9aa76943be058bbd5.jpg,UP57 8173
CG21_jpg.rf.1417fa57ed53f69e09d8a2ecfa55f864.jpg,cco4eJ6934
processed_IMG-20200222-WA0050_jpeg.rf.ae6c85746ede04ede91811a59b54eb1e.jpg,"""H uAf1585"
processed_Screenshot_20200222-215024__01_jpg.rf.ec9729616166dc47d2d23a0e5c0d3f9f.jpg,"MH6z DN7459 ,"
processed_IMG20200222210145_jpg.rf.91a0625452e9ab0d9801857e13f6d72b.jpg,447T- HH15EX417}
processed_N233_jpeg.rf.abbb4a4b4d5aa4c86ae8e9b2f485c894.jpg,Ut 07 TNg9F22378
processed_Datacluster_number_plates-80-_jpg.rf.5c0b1b9c75f3efdc7a439504ea320d7d.jpg,"8W, LAFz8' 9994"
processed_IMG_20200222_185013_jpg.rf.aeb2a0765966f369d51dcedcde035324.jpg,MHL38K2131
processed_N9_jpeg.rf.a416a9f3aa988631404a3a8d7ff38616.jpg,1ec HuYeczbah
6e52e238-927b-46e0-a8f1-5f77ef1ecf9f___3e7fd381-0ae5-4421-8a70-279ee0ec1c61_nissan-terrano-rear_jpg.rf.8939ff90531b5bb392510e266d28c783.jpg,RJ27 TC 0530
AS10_jpg.rf.1e3a11dfd987d5af0608a572e642200c.jpg,A50106EQ02
processed_IMG20200222210123_jpg.rf.dab5af165e1a8162f72dd0b3607f6c95.jpg,Hh 04 KF 0900
processed_CH9_jpg.rf.a77923effd29f0d28dc11b1440f614df.jpg,chdintW
video3_1960_jpg.rf.f68acf22793a6213323d81dbfaf9eb03.jpg,zerzul
processed_a2f87691-b9f5-4274-ac5a-8764e9ba282c___1571669d1477648169-your-favourite-number-plate-font-13-jpg_jpeg.rf.00dc9249e4a2f55c9552e5ccccf88590.jpg,L0s JA76A
processed_b9f5b9acf1777acf_jpg.rf.b1cda49c857b61c2bcdfdf62ecef30a9.jpg,elehie
processed_IMG20200222205259_jpg.rf.f9c51e2d786699e88df8a219327b1653.jpg,xuawtt;
IMG20200222210123_jpg.rf.dab5af165e1a8162f72dd0b3607f6c95.jpg,Mh 04 HF 0900 TAN1UR
processed_415d64bf8cfe82f2_jpg.rf.fd19337ec1dc1d0458532b3a1a596ef7.jpg,[04zz52
processed_N201_jpeg.rf.206e9bd20a311a253cdcf127ff83aaa6.jpg,F' Moti 8ejm cam; K4er54 Anal
processed_IMG_20200222_183921_jpg.rf.98bd04b335b27ded5e568d279b9bea13.jpg,MH48 651
315aead7766727b8_jpg.rf.c1507d1f5ebbad22ee306df759db1a95.jpg,6K 8008
processed_OD9_jpg.rf.6214b03b476cd550eed39868c9dfaaf0.jpg,023342616
processed_dd58e02d-51a5-4bfd-87af-ff51c576086e___2014-mahindra-scorpio-suv-10-jpg_jpeg.rf.34137d4ae89c726c1363a3e08dd23387.jpg,M8V JW) 6w
video3_1750_jpg.rf.fc280e74ddcdd35c37815e0349506f76.jpg,1lH1 HHHL
IMG-20200222-WA0011_jpg.rf.941c01c1b7680761c0d79f18071ce703.jpg,Mh 016d_5980
car-wbs-MH06AW8929_00000_jpeg.rf.283ed17301f91c86acd65e1be909d585.jpg,1 Hbbzo Hhm
IMG-20200222-WA0052_jpg.rf.330d93a2efeb513fd3002e33cef8fb1c.jpg,MH M 06 306?
processed_936623d4-b47c-4da7-ab2e-6ac3cc63f861___new_216279d1481352986-silver-venom-mahindra-scorpio-s4-2016-ownership-review-wp_20161122_11_19_00_pro-jpg_jpeg.rf.8e9c678881ab9b19e82de52f88e3bbcc.jpg,1th2LLs @nndg
processed_315aead7766727b8_jpg.rf.c1507d1f5ebbad22ee306df759db1a95.jpg,{J0006
3203d548-aa8a-4332-b461-28627650016e___3e7fd381-0ae5-4421-8a70-279ee0ec1c61_nissan-terrano-facelift_827x510_51490600373_jpg.rf.2519b59f43f0d36b828589dfc335069c.jpg,TEHEWNK55AN Drau
processed_bf0aac0878b0a3d2_jpg.rf.ba5bcf0a000e0697a1cadf17972c5c37.jpg,HAPPY 8irmHday
processed_video10_830_jpg.rf.63bc261b11859e9d00fcb003f8333e0f.jpg,e2 25J41FX1 'HH05EJ3005] 3
processed_bcdc8b42-5dd4-48e2-8104-706440524bfe___hqdefault0-jpg_jpeg.rf.feffaf440ce9bcc826e4005260781a78.jpg,#T508ER1643 . < Utt= Leani 4
processed_IMG20200222153312_jpg.rf.f3b430866aac1a8f1602640f3452a5c4.jpg,EEEA MH02EH 374@ 4a
processed_video4_3860_jpg.rf.01e00fe741a69154815bdc9bd79796c1.jpg,WE1DEE'
2153dfcb-5968-4bfc-86ba-7ee8ec2d25b1___163231d1425035435-skoda-rapid-tdi-remapped-code-6-tuning-ind-front-jpg_jpeg.rf.4bc3bb1607615b6222e4be50d0b0253d.jpg,[N0z8V5zod 5cat de TAJEA1T0M0TCE1ND1AEE
processed_IMG_5160_jpg.rf.c9b94fc0dd4ab8891d7d688719dfab39.jpg,KL05El05D Taum-DNRcom
processed_video8_770_jpg.rf.be5d51c17c93f2d51bcf9e4fd21d3033.jpg,5iuig'
processed_images-20-_jpg.rf.943f93234b37c4a1e3253120443c9eb0.jpg,HacKLcod
processed_IMG_20200222_183901_jpg.rf.7b48791577dced9354a716488f309fd9.jpg,4H 46440298
processed_5cbd7465-ad12-4e6b-8eaf-d7056c3852f8___New-2018-Maruti-Suzuki-Swift-radiator-grille-600x398-jpg_jpeg.rf.08a404185df737bc9d4f38abddcd2176.jpg,Fhrzguk_83
IMG-20200222-WA0050_jpeg.rf.ae6c85746ede04ede91811a59b54eb1e.jpg,MH 43 At 7323'
processed_video5_370_jpg.rf.18c8d5db6e5d9326735876ab2066d91f.jpg,4t MH03.C5.E286 UD
processed_cropped_plate.jpg,AP0DJ15AD)
processed_MP7_jpg.rf.e4633e9786e65b2d2333654ecc71921a.jpg,i1 1P0pAD 370
processed_video11_2740_jpg.rf.81ad7bb4e84f4e4704bcd1249f0bc2e0.jpg,Nho3 85 Losor J tlt
processed_IMG20200222210135_jpg.rf.261649e8e7db2c8659c439d54d33860b.jpg,Aat Ll Lrsexine'
processed_a2d49f53-4121-4627-b5d9-069f8b2f8490___840256171_1_1080x720_maruti-suzuki-wagon-r-vxi-with-abs-minor-2014-petrol-erode-jpg_jpeg.rf.3fffafb2474a9e642b60857ec86de2d1.jpg,TK388YL19
TN10_jpg.rf.9e5b2b5d1e80371137fe6b285978ab25.jpg,1N62Aj6455
video11_2210_jpg.rf.dea98df95cf2987a57ab2321e6d379ce.jpg,HhMA H6763
processed_JK18_jpg.rf.d4229be36ab9716bb731d38f6fb50752.jpg,0itL Anteae Uitd-
video2_390_jpg.rf.7940848119a80791d3e9b9f3a62e5036.jpg,Asta ~HH02DN8718 
processed_DL26_jpg.rf.e5320eb9d1e8913d1561ebc56c167e09.jpg,@oL11CA 2900
IMG20200222210352_jpg.rf.57c73076d20145d6b36017da94627bd7.jpg,Enos FH020u7596
video6_1020_jpg.rf.9319129829410ab818114e20b2dcf0c3.jpg,NH02D59365
processed_video6_1150_jpg.rf.54b032dd4da83ee443ae26cc04c9a00a.jpg,"@wwm rrAL "" 66im"
processed_video11_1920_jpg.rf.71329291c8d21c8d0999128860bf768a.jpg,iHAzX Jy
processed_KA2_jpg.rf.4695e935acc82dda48a41ac5f6aa17ab.jpg,Fxiosnf 1762
processed_WB16_jpg.rf.9f09a008b43ba555f569f6101ec76125.jpg,WoWJWWw}-
DL26_jpg.rf.e5320eb9d1e8913d1561ebc56c167e09.jpg,EoCM1CA L900
video11_2830_jpg.rf.fa148c95a0d8eb95d4504c9d51aac8dc.jpg,Huexivw
processed_AP8_jpg.rf.7d786fb9ac0154e8d6a2f2a2d2849728.jpg,'apnbopzoey
processed_N56_jpeg.rf.05544d5127ecff81402bac9f711251f8.jpg,@JCiY9D2li 1CAE0
967ba4a0-eb8e-4734-aa09-c7143d0404b6___39720161008_150234-jpg_jpeg.rf.dac9c0a22ed171859fc9b3aa6511ad60.jpg,Eiz MH 028M6045
car-wbs-MH20CS9817_00000_jpeg.rf.66c682d90d010bfae084de4a3efe947d.jpg,Hh20C59H17 
processed_IMG_20200222_183818_jpg.rf.105ac8914db47bb148fab20213810b41.jpg,'X4+nv? uioLpette
processed_video11_4710_jpg.rf.8ffcc139253410a65bec0b7f68db5470.jpg,HHogcpisxi
processed_car-wbs-TN21AT0492_00000_jpg.rf.8152583db24cd739679ba5d5cf0e80ba.jpg,1 vzLAtoioz]
AP7_jpg.rf.38c7ca34075c29a16a7cfa36bd16a2a3.jpg,AP318Le656
video11_2070_jpg.rf.6c2919788aae116ef99da1a7ccd43185.jpg,1H47 1124
car-wbs-TN38BY4191_00000_jpeg.rf.89fb55c08aa9463f169d45cf701def20.jpg,1h38814191
processed_747b0f12f54703ee_jpg.rf.e1791943b60355b2a387987a1443e344.jpg,A17 0VF
IMG_5160_jpg.rf.c9b94fc0dd4ab8891d7d688719dfab39.jpg,MolyJMEtEm Maxtete |KL05KL0ELy 8HPcom FEE badecet 0anard Team-
video11_1570_jpg.rf.701480053f2136c9e9591e78545ba043.jpg,@D Las 0i.0z04 9629
MP4_jpg.rf.d6fee97b0928de611a503a7180dab8db.jpg,MrC0 ck4oid
351a22eb-bf0a-44d6-8b6d-5ffca753c261___bike-number-plate-500x500-jpg_jpeg.rf.032cf20a10785d46d68d9a1dd2c865a8.jpg,MH2QEU 99g1 ardal
Datacluster_number_plates-80-_jpg.rf.5c0b1b9c75f3efdc7a439504ea320d7d.jpg,8W Kld 6oov AP28 9994
processed_62b58053-425c-4924-b129-c4a6580f3562___product-500x5001_jpeg.rf.ddfa8e2b2276589ec4ca9efb919be82f.jpg,C50 KL01_ 1NH0vA 0X5uA
processed_TN10_jpg.rf.9e5b2b5d1e80371137fe6b285978ab25.jpg,WnQ2AJaa55
JH7_jpg.rf.234da762e5ce5d33413c6ceeae35f266.jpg,JHDbXLAD
HR5_jpg.rf.fecbed4aa532b728e272626f6a2958bb.jpg,CD1 HRz6cc7676 
AN4_jpg.rf.04f5f7fd09e1c1bb3b142bb90a02f93e.jpg,WhouNan
processed_Datacluster_number_plates-73-_jpg.rf.7f6c02b436a950e5f1b3e11a1072f424.jpg,TjP0T Mf_ 8260 DANt
53386dae3cf13cc3_jpg.rf.159a79ff09daefb337d2b61f892e56a0.jpg,XVM RL04 
IMG20200222154505_jpg.rf.b952d39c817087fcb5108564b7acf1d6.jpg,dnt MH02FE9521]
IMG20200222214011_jpg.rf.3022b2510dc6d0a39d3a01558078fff2.jpg,MH05E43808
WB16_jpg.rf.9f09a008b43ba555f569f6101ec76125.jpg,Le06J9177}
video4_2290_jpg.rf.06352f3a3e29ef646cb1d8bbdd716ef0.jpg,MH 01 CT 9150 Lo
video3_1730_jpg.rf.5a0cd7a9be7bf69cc345c0552213f9f6.jpg,0ozee8z0z
processed_video2_390_jpg.rf.7940848119a80791d3e9b9f3a62e5036.jpg,FWH0DX8T181
processed_b1a50a3824887ee2_jpg.rf.2ff0a8735780fc3f73a689eb2d4467bb.jpg,o= JE6}
processed_e3f5fe39-d157-49fa-a0c9-b96ca1234a64___bike-scooter-number-plate-frame-rear-500x500-jpg_jpeg.rf.0c6e32511ef4a7d557e2254c8ccfa8ba.jpg,DL25_ 856930
New-2015-Honda-Jazz-rear-2_jpg.rf.bb7b9529b760ea1ed4ffdbbb190c12bd.jpg,Ennn n (up 16 1C1730 M0drob5
N168_jpeg.rf.d89bb99cf0aab2ac0a655fc5307645d6.jpg,MH0385 7778
processed_video4_3500_jpg.rf.9e9e7c6a5ef6a4c32fc130292af99bd4.jpg,~zoWit
processed_9ea92991-8fdf-4b46-aea1-bf08ecff247c___new_1107433d1373284570-my-modded-skoda-rapid-now-166-bhp-351-nm-119-whp-per-tonne-hdr_00005_normal-jpg_jpeg.rf.eaf1be321407c13b92c715341ee4e6ae.jpg,Tk07bU5427 La_ 1
PB6_jpg.rf.b87038c58658295a20c2ae1b2f61af40.jpg,'P8134F6756
processed_AP13_jpg.rf.a7cd91be292c2f150c541759eb43520d.jpg,e0P39JJ5241
processed_0bf830ac-5659-434d-91b0-eb24dbdbc850___1570767d1477464646-your-favourite-number-plate-font-2-jpg_jpeg.rf.35024840ed42a60c935d69b8fd540701.jpg,TP 14CP 8748 UP 14 CP 0148
processed_video2_290_jpg.rf.1d3dda401d257d258e672fc89802afb2.jpg,NH02DN8 18}
processed_IMG_20200222_183617_jpg.rf.30f7f26630739a9f555550bd07ecb742.jpg,"Kk 07 0n,8j99"
video5_120_jpg.rf.88783a9c547eded98096ee52649b1d00.jpg,Ma5A10YV1 Haujduu Uu MH03.C5.6268
8e0b8c6f-850f-4918-983a-7fa110368d32___banner_4_png.rf.81c9d712f2c650326dc58f908e95e052.jpg,"""DL0CA8 A25X"
processed_AP7_jpg.rf.38c7ca34075c29a16a7cfa36bd16a2a3.jpg,1pzvoL8656
dd58e02d-51a5-4bfd-87af-ff51c576086e___2014-mahindra-scorpio-suv-10-jpg_jpeg.rf.34137d4ae89c726c1363a3e08dd23387.jpg,8892 5hifting 6ears com Wh46 
video3_1090_jpg.rf.a671adc0de8904ba79cad24a9a96bc32.jpg,tnr LH02EE8207
processed_IMG20200222214338_jpg.rf.85071dce27000f1e510f1fde02dd1555.jpg,3Al [c38e7558)
936623d4-b47c-4da7-ab2e-6ac3cc63f861___new_216279d1481352986-silver-venom-mahindra-scorpio-s4-2016-ownership-review-wp_20161122_11_19_00_pro-jpg_jpeg.rf.8e9c678881ab9b19e82de52f88e3bbcc.jpg,Maro pA TH2LAL50U ghndzz
62b58053-425c-4924-b129-c4a6580f3562___product-500x5001_jpeg.rf.ddfa8e2b2276589ec4ca9efb919be82f.jpg,KL01CC50 1NN0VA C1N51A
b25d7d2cb7abf86b_jpg.rf.42ce019064f4f68c530c23e5363706b8.jpg,0UAMAU5 pomogo JREJ0 83932  V1R611
video11_1920_jpg.rf.71329291c8d21c8d0999128860bf768a.jpg,MH47 Y 1124
processed_CG21_jpg.rf.1417fa57ed53f69e09d8a2ecfa55f864.jpg,"""tcu33}"
video2_290_jpg.rf.1d3dda401d257d258e672fc89802afb2.jpg,[20 MH02DN8718] 
processed_967ba4a0-eb8e-4734-aa09-c7143d0404b6___39720161008_150234-jpg_jpeg.rf.dac9c0a22ed171859fc9b3aa6511ad60.jpg,W1LQEDVEs05
processed_hyundai-santro-xing-front-left-rim-1-_jpg.rf.1066d85dba3dc8b86be1e0422531e14d.jpg,P822K 9130]
IMG_20200222_225635_jpg.rf.38ef16dca3778274c7c02415830a2c55.jpg,MH 01 MA 5862
N218_jpeg.rf.265d9707d8b9c915cf1c5acc92c47253.jpg,Mh20C5194U 6aadiWaadi com
OD19_jpg.rf.b5f65199c3cc1df9e1ab2d63f65976da.jpg,0D1P6423
processed_video4_3840_jpg.rf.57c93c1515fb3a5290decfca21ab3e9c.jpg,{HD2Q40Dz!
processed_1_jpeg.rf.fa645bf08c4903f3f7e9ab8a6875cc92.jpg,E8TR02H1D5HH
video11_2740_jpg.rf.81ad7bb4e84f4e4704bcd1249f0bc2e0.jpg,HH-03 85 4060 |
video11_1280_jpg.rf.80e6021c0f99d273dd3a8ba251daa52b.jpg,@ho1D81L77
processed_TN7_jpg.rf.642bb939331c7c509d36223c7ef32074.jpg,8T5778
processed_RJ4_jpg.rf.7ef359807fc8ff2e1ac9767616d0cca7.jpg,PRU20C05M1
fac9f4e6-c4b9-4872-86da-79d58ea2adc5___5273-jpg-Copy_jpeg.rf.f5f6e3448da792c9688075bd2e988e44.jpg,5823/24
processed_IMG-20200222-WA0011_jpg.rf.941c01c1b7680761c0d79f18071ce703.jpg,#H 4 6d_JuVo
IMG20200222153312_jpg.rf.f3b430866aac1a8f1602640f3452a5c4.jpg,Ex3y MH02EH 4740 Enbud
15_jpg.rf.a12dc7b5f33276f1994cb8df5697bb25.jpg,Moto 8eam.c/mn [cusw
processed_5a4780bf-d2af-4f19-a36b-65004cd06b3d___maruti-suzuki-wagon-r-rear-left-rim-jpg_jpeg.rf.c7e68be0be48d4dadc4df4944afcde93.jpg,Xenotks
processed_IMG20200222214011_jpg.rf.3022b2510dc6d0a39d3a01558078fff2.jpg,@ahosexj80b
KA10_jpg.rf.2da2636025f4b651cf725a72d8a58386.jpg,KA04M6 7528
processed_IMG20200222154953_jpg.rf.27b98e5bfe424bd375ef5c2dfab97b88.jpg,7is Mh04 DR 5444
video6_1110_jpg.rf.059138daa241ae3da6e54177d5e41567.jpg,[0h02ds9365]
MP7_jpg.rf.e4633e9786e65b2d2333654ecc71921a.jpg,MP09841270
MH24_jpg.rf.c618fb062d1a24db78a08104fb702055.jpg,Mhpahf50jz
processed_IMG-20200222-WA0012_jpg.rf.f8ba2932228474ee94b72e432c79deb5.jpg,Pk ^ 7w 71293
processed_images-23-_jpg.rf.42ed4d0f6c8e2e3853b7a2f3c7cf2606.jpg,Ve Luv
processed_IMG_20200222_224208_jpg.rf.af2ef750901018128dc3fb380e1f8fd3.jpg,KH0 nc03l36
processed_IMG_20200222_160538_jpg.rf.162925bff6f8e12ebd25e272a50cafb6.jpg,MH 02 #T 9168 Aeaet
d8daed582e6cce2d_jpg.rf.96f1f742c82f2bf01b16c084cac7b519.jpg,FD: foc [@roLM51 142 Tunh tuoeltt
KA2_jpg.rf.4695e935acc82dda48a41ac5f6aa17ab.jpg,Kadske1262
processed_IMG_20200222_184518_jpg.rf.25f074192bdf324b9e61a9e24246fc14.jpg,Emhodr 408z
IMG20200222210145_jpg.rf.91a0625452e9ab0d9801857e13f6d72b.jpg,Duzux MH;15 EX 4476
car-wbs-TN99F2378_00000_png.rf.20339b0b27d64ebd042b9b674ad95280.jpg,TN 99F 2378
video4_3330_jpg.rf.832a9649f02da59ac0e867501ce85767.jpg,CD1 MH0LAL 9693
processed_video6_200_jpg.rf.4123d5a80ecf034971621e22a09318f2.jpg,"""ilfafabia;"
IMG20200222205534_jpg.rf.1d054d3b05c6a49ec4496e8f02807f66.jpg,Mo3 C8.4355
N98_jpeg.rf.9cfe9b98989caa8c5b0145d8ef6a8b9a.jpg,MHHEH5U 
N211_jpeg.rf.bbc17c2989a178249018320be4abe74a.jpg,Jin RTTM1
processed_UP1_jpg.rf.c5f6c3cc247eebc9aa76943be058bbd5.jpg,"UPs7,Hk8173"
processed_OD19_jpg.rf.b5f65199c3cc1df9e1ab2d63f65976da.jpg,0ii4e31e
20200222_165436_jpg.rf.56c6d51613417aac1d77a1afc5ca705b.jpg,3 3 7 1
a695aa35-a508-4c5b-ae10-6705865cf508___3e7fd381-0ae5-4421-8a70-279ee0ec1c61_Nissan-Terrano-Front-Grille-86163_jpg.rf.501cd824d3cb5d4317934ab17d1d5545.jpg,Hao4.1C 2.326 Wissan;
processed_ies_jpg.rf.c7d1d35e8994ecf06f78ebe96575351f.jpg,'Kauzw5uo]
processed_video11_1570_jpg.rf.701480053f2136c9e9591e78545ba043.jpg,JAjzdQc1$
5a122adbb1a776b7_jpg.rf.3edd7491a08bf9b6cecbc8456d051e83.jpg,Jap0s5 cn? 691 XC 80_
processed_video11_2610_jpg.rf.41ab15959edda21e8ae92be6b58a6425.jpg,ilixiL _
processed_car-wbs-MH06AW8929_00000_jpeg.rf.283ed17301f91c86acd65e1be909d585.jpg,10929 slhmhhe
AS1_jpg.rf.1e5bbdb36525c87dcc9de66748ddba3c.jpg,"45 23h,2866"
d5ddd1e6-56ca-4991-994e-cb78fe836a47___3e7fd381-0ae5-4421-8a70-279ee0ec1c61_2013-Nissan-Terrano-Review_jpg.rf.398e338269645427ca0f8bb62feb06aa.jpg,R1 27 TC(*J0 Meto8eam.c/An
JH1_jpg.rf.4288e7fa8ac7f51163817d1315a8a73c.jpg,Jhoaz Mamgnac
images-20-_jpg.rf.943f93234b37c4a1e3253120443c9eb0.jpg,Hat3cn44oq
video4_3860_jpg.rf.01e00fe741a69154815bdc9bd79796c1.jpg,040204002 1
video11_1690_jpg.rf.6ed9040ab8f6d09c42b4fa3131ad1519.jpg,CDDD W Hdnu6:
processed_fac9f4e6-c4b9-4872-86da-79d58ea2adc5___5273-jpg_jpeg.rf.8f48665d6534cd14134514682ee41e38.jpg,"CarHale"" Limh*"
N97_jpeg.rf.5278302ca5a73a462f469ddceabc1bf2.jpg,HH 13 4348
car-wbs-DL10CG4693_00000_jpeg.rf.b20aa5de0f46d8da1b14a4197888dfc7.jpg,LL90CC469? 1RETA
a2d49f53-4121-4627-b5d9-069f8b2f8490___840256171_1_1080x720_maruti-suzuki-wagon-r-vxi-with-abs-minor-2014-petrol-erode-jpg_jpeg.rf.3fffafb2474a9e642b60857ec86de2d1.jpg,1438814191
video11_1360_jpg.rf.cfa4d8b7abe9f2f5bee7c5646e4ba1c4.jpg,MH0AD8l422
car-wbs-MH14EU3498_00000_jpeg.rf.6b8e0758fc2f58e91df7394f80ef3ff0.jpg,1ND MH14E43498
processed_video11_1080_jpg.rf.590550fcba0c95a5bb7f30ebf7bb805e.jpg,' 52722 WAz Y 1124 77
processed_DL4_jpg.rf.cf99b36008dd164b247928b15ce46464.jpg,P0L_c405sz3
IMG_20200222_224208_jpg.rf.af2ef750901018128dc3fb380e1f8fd3.jpg,MH0 1C03436
video5_0_jpg.rf.da2ee9b75e22818632babc421fe6aa37.jpg,MHo 18Y7658]
processed_PY8_jpg.rf.50ff3d42d23dcdbbb00a5154223756e4.jpg,8ryowpozo
video5_370_jpg.rf.18c8d5db6e5d9326735876ab2066d91f.jpg,"WA5AN ToYoTA 77022,07209900 MH.03.C5.6286"
Datacluster_number_plates-73-_jpg.rf.7f6c02b436a950e5f1b3e11a1072f424.jpg,bP07 45b 8260 ADD0AN
processed_video9_350_jpg.rf.7ecca8bcf152621ae1ef8e8e08e60a3c.jpg,Hh0264210]
0bf830ac-5659-434d-91b0-eb24dbdbc850___1570767d1477464646-your-favourite-number-plate-font-2-jpg_jpeg.rf.35024840ed42a60c935d69b8fd540701.jpg,UP 14 CP 0748 UP 14 CP 6748
11ad2f1a-4cbd-4176-a4f5-3be001ec95a3___a4auto-com5140_-jpg_jpeg.rf.c10e13e6f59036f725e448d95bb93abe.jpg,4quio ol4l W
processed_JH7_jpg.rf.234da762e5ce5d33413c6ceeae35f266.jpg,Fxwicu
IMG_20200222_184105_jpg.rf.40c95975572c98285b958472b49d8002.jpg,MH.12.6N.2449
processed_video4_3330_jpg.rf.832a9649f02da59ac0e867501ce85767.jpg,JioLAL9693
IMG_20200222_225114_jpg.rf.bfc3af2ee61b033472aaa0f84495be3b.jpg,MA.01.AR.2815
processed_video2_3560_jpg.rf.10ecbefd9ec32b65e89490fcb9e9754f.jpg,MH02 AQ 2299
processed_N220_jpeg.rf.85450aaf2c07748962b512e73a6cae00.jpg,~HL 20803327
OD9_jpg.rf.6214b03b476cd550eed39868c9dfaaf0.jpg,"[00334,2616"
N22_jpeg.rf.7f921c19f49c36af1af9103265419c35.jpg,Pgn Car5potterQvs
IMG_20200222_184503_jpg.rf.f0b7f77de393803340f09e6ad040f97d.jpg,Mh46Dk 5641
07aaab79-71ee-4ea3-a9e6-640191183947___3e7fd381-0ae5-4421-8a70-279ee0ec1c61_1208484d1392541449-nissan-terrano-official-review-img_20140215_181708_jpg.rf.1172fc71bf1d2483ffb65045b481b44d.jpg,729b7a Ka 18 P
processed_AS1_jpg.rf.1e5bbdb36525c87dcc9de66748ddba3c.jpg,@ 4J'TJh 316E
IMG_20200222_155049_jpg.rf.a5e597fdc7fd7261a0e0e058ba52fbff.jpg,"1 1 "" "
processed_video11_3320_jpg.rf.1a9da36b5f68c50097ed2d4d5ee2807d.jpg,40020Q.9625
processed_video11_1680_jpg.rf.26098d3b3f729753e90c9612e36a49ca.jpg,1-0qsc
IMG_20200222_184153_jpg.rf.be781603383fc2e1e8cd8fd01ed98048.jpg,MH 46 9534
cropped_plate.jpg,AP3915AD]
20121005_125_jpg.rf.db1f30d6949254dfc9c3db92af5b4dac.jpg,KA 29 2999
IMG_20200222_184054_jpg.rf.083241950ecad1e43e751ff0135e2896.jpg,M 46; Wu aozbe
PY13_jpg.rf.ef893e2cf51e56b2cfbb917e23dd1cc8.jpg,Pr0Lc62929 
UP25_jpg.rf.5a0686da38029befea4211bc9abe7a73.jpg,up3z 3577 EF
processed_TR9_jpg.rf.269bf1f184ea24a114b0a32f3fe77d60.jpg,TTHEHDL
processed_car-wbs-DL10CG4693_00000_jpeg.rf.b20aa5de0f46d8da1b14a4197888dfc7.jpg,10CC4693 FRETA:
processed_New-2015-Honda-Jazz-rear-2_jpg.rf.bb7b9529b760ea1ed4ffdbbb190c12bd.jpg,0Pls_cizjo
processed_images-14-_jpg.rf.dfc735193c5326bff877fc418f9e3326.jpg,(Wd; 026 J
00b42b2c-f193-4863-b92c-0245cbc816da___3e7fd381-0ae5-4421-8a70-279ee0ec1c61_Nissan-Terrano-Petrol-Review-Images-Black-Front-Angle_jpg.rf.94a91b5cc96fe3c79af657f43d2bad0f.jpg,Cu8lexinja
ima07ges_jpg.rf.fdd3bb6bbb2bf6fd6d5f96b0eb8ef094.jpg,KL 16AV 6342
processed_video5_0_jpg.rf.da2ee9b75e22818632babc421fe6aa37.jpg,'Khovb[7658
processed_GA7_jpg.rf.4c9a4e8320dbff487b7750035e68aba0.jpg,6ap7 5739
images-23-_jpg.rf.42ed4d0f6c8e2e3853b7a2f3c7cf2606.jpg,V8 LUV
processed_N211_jpeg.rf.bbc17c2989a178249018320be4abe74a.jpg,81z liiewvA)i
415d64bf8cfe82f2_jpg.rf.fd19337ec1dc1d0458532b3a1a596ef7.jpg,CD1D LR05252| Walag
video8_1380_jpg.rf.9f6b2243fd0935baf5ea17cd85ffaa18.jpg,"Vhoxe87""61"
processed_PB6_jpg.rf.b87038c58658295a20c2ae1b2f61af40.jpg,EP8 134F67561
processed_ML5_jpg.rf.e7d470c302e494141806f881ec4a2dc9.jpg,Fl 0#AQ4/
processed_AS10_jpg.rf.1e3a11dfd987d5af0608a572e642200c.jpg,#soido0oz
video11_4630_jpg.rf.cf24c8f012be288a6c0caa8128bc439d.jpg,HH01 AX 3070
IMG_20200222_160538_jpg.rf.162925bff6f8e12ebd25e272a50cafb6.jpg,MA 02 8T 9168
processed_OD18_jpg.rf.e2af611fbf755fe5e2cf423e3d82bc3c.jpg,2212Q1
processed_video10_1290_jpg.rf.d7e92fc9f395378a4dfc048fb35d0807.jpg,{38724 4yho5dsesz9
9498d0aff8f9ff8c_jpg.rf.4b69f542dbe7fb087264052d20889e8b.jpg,Eferdi 05p Ad ded  0M1
video2_610_jpg.rf.1b6db5ab724290f75af8f679d90071ca.jpg,MH 02 HJ  2456
car-wbs-KA01CA2555_00000_png.rf.8f5532211ab0002e98c76bf4af645252.jpg,Klq4La255]
processed_video3_2000_jpg.rf.2622ed3d814f475b9b775b86495e64f7.jpg,AR02EDU124
processed_car-wbs-KA51MJ8156_00000_png.rf.aadcf34e5c07f47404c6be82d1a812c8.jpg,Wik5wJ8158
processed_5a122adbb1a776b7_jpg.rf.3edd7491a08bf9b6cecbc8456d051e83.jpg,694 Kc 80
processed_53386dae3cf13cc3_jpg.rf.159a79ff09daefb337d2b61f892e56a0.jpg,"RL0AXVM"""
processed_N40_jpeg.rf.afa71ce49c8a60c418171f605e84e0ee.jpg,DLbchbyzah
20200222_173734_jpg.rf.cd786d90e530374abe7b9425c9dea2ab.jpg,1 4 4 1
processed_IMG20200222211532_jpg.rf.35fe6bd990a936a7d9b087ad696de94a.jpg,E4noDR750
b1a50a3824887ee2_jpg.rf.2ff0a8735780fc3f73a689eb2d4467bb.jpg,E8 Dub
processed_IMG20200222153433_jpg.rf.5c311a052dfe5803d16e8c02d6066c3d.jpg,"#e3n Mhoz.Cv,= 2026"
UP19_jpg.rf.c28fd048e3bfdb444706f40223c64ad8.jpg,07775050261
IMG_20200222_155531_jpg.rf.08416c306ac5d190ee94a32e99182f79.jpg,1 1 2 1
N201_jpeg.rf.206e9bd20a311a253cdcf127ff83aaa6.jpg,Mcta 8eam.c/1n Ns HR 268R 9044
processed_car-wbs-MH14EU3498_00000_jpeg.rf.6b8e0758fc2f58e91df7394f80ef3ff0.jpg,RHH14Euzu987
processed_3febea0e-53c0-4b30-880c-3061458b93ce___Maruti-Vitara-Brezza-rear-end-full-review-jpg_jpeg.rf.189cbc2175137adb44551583ebcb64b4.jpg,Da (HR 2Uil
processed_LA1_jpg.rf.8c9d369c3f2b7972f456771a12da0633.jpg,L4e2o74o
processed_N239_jpeg.rf.d22c4ec5500b4f572c33f711a2bb77cc.jpg,HH?0 EE7598 fndianau
bf2f25f3ed9ff4d5_jpg.rf.0941e9b1bb1a2f59b79fe481344c95f5.jpg,V147 JAR
processed_MH24_jpg.rf.c618fb062d1a24db78a08104fb702055.jpg,MhoihFso92]
cc80e5c6-2cb7-40f7-a072-3f4cb5a56c65___Dileep_Car_Innova_1-jpg_jpeg.rf.07a5a95f349a3811517664ddaabee84f.jpg,KL02 8F.2oo7 0
IMG_20200222_224017_jpg.rf.456f4c6b7eff1f26ebe2bdcfd1ede910.jpg,MH 01Co 22 `
processed_15_jpg.rf.a12dc7b5f33276f1994cb8df5697bb25.jpg,Motot8camcm @olewwi
car-wbs-MH20DJ0419_00000_jpeg.rf.e4b3c8c7e022f54723acec97eca85672.jpg,h20DJ0419|
processed_IMG_20200222_184814_jpg.rf.2fbea71eac251d85526bcc4dd776fad9.jpg,P802 8L-0927
3e2306f2cf4b2c67_jpg.rf.71664a39afa7e1dae63a501af30d60ac.jpg,1966 YC 62
video11_4710_jpg.rf.8ffcc139253410a65bec0b7f68db5470.jpg,"M1H03,â‚¬P1n28"
processed_video2_610_jpg.rf.1b6db5ab724290f75af8f679d90071ca.jpg,VH 02 bj 2456
N233_jpeg.rf.abbb4a4b4d5aa4c86ae8e9b2f485c894.jpg,TN 99F 2378
processed_video6_1070_jpg.rf.ad008c0d771fa6e09871bd398e6b96b9.jpg,2 [8h020592651
video8_930_jpg.rf.90b4a5edadb1823e5001fdfd5a39c85d.jpg,11700733
processed_video6_1040_jpg.rf.830c9a3f5409a563bd99af7cade58feb.jpg,2236 4xh021s9355
processed_IMG_20200222_225635_jpg.rf.38ef16dca3778274c7c02415830a2c55.jpg,Mh f1 MA 3862
LA1_jpg.rf.8c9d369c3f2b7972f456771a12da0633.jpg,L4020742
IMG_20200222_184814_jpg.rf.2fbea71eac251d85526bcc4dd776fad9.jpg,P802 8L 0927
processed_video11_3280_jpg.rf.7e7b5f867c2b3a777225244a38bae986.jpg,5DM uos DK:i0.8l YLul
video4_2800_jpg.rf.faf60a6e09aa45896fecc63fb654e875.jpg,KawMAV746H
processed_20121005_125_jpg.rf.db1f30d6949254dfc9c3db92af5b4dac.jpg,Tapcia FKa 29 2 999
car-wbs-KL05AK3300_00000_jpeg.rf.5d8f71c4e62578140ac51b3d4ad6b853.jpg,"L65E4C KL05AK3300"""
IMG20200222153317_jpg.rf.4c058bd1306dc88f8850519de73592f7.jpg,6ounj EE MH02EH4740
video2_2550_jpg.rf.46eee46a99493a8e77aa34f492bec0f4.jpg,MH 02 Ex 5817
video10_1290_jpg.rf.d7e92fc9f395378a4dfc048fb35d0807.jpg,8RE2zA Mh05D58679
processed_2153dfcb-5968-4bfc-86ba-7ee8ec2d25b1___163231d1425035435-skoda-rapid-tdi-remapped-code-6-tuning-ind-front-jpg_jpeg.rf.4bc3bb1607615b6222e4be50d0b0253d.jpg,14028K5zo_
video2_0_jpg.rf.aafd0bfa99f70ac74df146f6af20bc3b.jpg,Who2ek 4399
IMG20200222153719_jpg.rf.bb8bd06411b34b12a3dbd5f2457e37a1.jpg,MH 02 EU5043
processed_KA1_jpg.rf.3407f22c55590022c8af571fbccfbef1.jpg,(_Lddied
AP13_jpg.rf.a7cd91be292c2f150c541759eb43520d.jpg,QEC Apa9J J522
video3_40_jpg.rf.1e2b43a6c49b2aae0c108932e39aeb46.jpg,MH 0iCT i710
N9_jpeg.rf.a416a9f3aa988631404a3a8d7ff38616.jpg,MH1ATC206AN
Screenshot_20200222-215024__01_jpg.rf.ec9729616166dc47d2d23a0e5c0d3f9f.jpg,MH 02 DN 7159
AS25_jpg.rf.837b907eea03034e71d89a05ee075f7d.jpg,"""A50185 4362"
CH9_jpg.rf.a77923effd29f0d28dc11b1440f614df.jpg,CHD1MF 1507
c6fd0f06-b4f4-4ce7-aa6d-56d1e35ee9e3___3e7fd381-0ae5-4421-8a70-279ee0ec1c61_fe60d053ecf5c307b79e0c513a5cbaa9-number-plates-car-accessories_jpg.rf.c7a19710ecf844d9b152dd42085097de.jpg,TERRANQ
KL9_jpg.rf.cf99c953b241332dc31703de0240afb4.jpg,Kll16 U8063
GA7_jpg.rf.4c9a4e8320dbff487b7750035e68aba0.jpg,6x07 ( 7350
PY8_jpg.rf.50ff3d42d23dcdbbb00a5154223756e4.jpg,FTo 1ep9020
KA1_jpg.rf.3407f22c55590022c8af571fbccfbef1.jpg,KaobL0 6984
processed_IMG20200222154505_jpg.rf.b952d39c817087fcb5108564b7acf1d6.jpg,PAH02FE9520
DL4_jpg.rf.cf99b36008dd164b247928b15ce46464.jpg,pL2clu5573
processed_351a22eb-bf0a-44d6-8b6d-5ffca753c261___bike-number-plate-500x500-jpg_jpeg.rf.032cf20a10785d46d68d9a1dd2c865a8.jpg,MHzoey 99g1
processed_bf2f25f3ed9ff4d5_jpg.rf.0941e9b1bb1a2f59b79fe481344c95f5.jpg,"4$ ""o 0 V14T JAR= 73x"
e750b959-1b5a-41bf-bf64-d8099089e909___3e7fd381-0ae5-4421-8a70-279ee0ec1c61_Nissan-Terrano-Duster-launch-dare-pics-price-interiors-images-1_jpg.rf.17a9f88fddcb04795951a28464e15795.jpg,ANYTH1N6 WHEEL5 ANYTHN6 WHEEL5 TH 19 (TC) 91
processed_Z_jpg.rf.2021aaf23c53a267f685841f1a9c15f7.jpg,9ueg HED
ML5_jpg.rf.e7d470c302e494141806f881ec4a2dc9.jpg,FLoo5/
processed_video2_0_jpg.rf.aafd0bfa99f70ac74df146f6af20bc3b.jpg,50u 0mm
car-wbs-KA51MJ8156_00000_png.rf.aadcf34e5c07f47404c6be82d1a812c8.jpg,24 K451J8156
hyundai-santro-xing-front-left-rim-1-_jpg.rf.1066d85dba3dc8b86be1e0422531e14d.jpg,Hriexi P822K 9130 0
WB9_jpg.rf.62142caf7a1a3de34dfb43a947e562c5.jpg,440245580
IMG20200222214338_jpg.rf.85071dce27000f1e510f1fde02dd1555.jpg,MKL38E7556
IMG_20200222_184704_jpg.rf.b99603249f6c385cb1dc6dcb54be8e72.jpg,3 Ce n @ 43 8K 1561 MH
video9_350_jpg.rf.7ecca8bcf152621ae1ef8e8e08e60a3c.jpg,HH0zFN2783
video3_2000_jpg.rf.2622ed3d814f475b9b775b86495e64f7.jpg,"""02.a3l"
video9_310_jpg.rf.2cad164b7208ab38c1cfd6d839606085.jpg,HHU2FH2YRU
video10_830_jpg.rf.63bc261b11859e9d00fcb003f8333e0f.jpg,6ord HH05E J3005]
processed_car-wbs-TN99F2378_00000_png.rf.20339b0b27d64ebd042b9b674ad95280.jpg,T98F2378 3
video11_3280_jpg.rf.7e7b5f867c2b3a777225244a38bae986.jpg,lerd M403 DK 1018
processed_8e0b8c6f-850f-4918-983a-7fa110368d32___banner_4_png.rf.81c9d712f2c650326dc58f908e95e052.jpg,FDL6CHbHHH
processed_19ff847d0cd1c5ec_jpg.rf.0f5ce138ee6e7861b401913f0160ac53.jpg,W370 FNN
processed_IMG_20200222_224017_jpg.rf.456f4c6b7eff1f26ebe2bdcfd1ede910.jpg,#xo1co 022
processed_KL9_jpg.rf.cf99c953b241332dc31703de0240afb4.jpg,KEToubedj
3febea0e-53c0-4b30-880c-3061458b93ce___Maruti-Vitara-Brezza-rear-end-full-review-jpg_jpeg.rf.189cbc2175137adb44551583ebcb64b4.jpg,Hr0uw indianoulorblog com 17 191E22L
processed_video5_120_jpg.rf.88783a9c547eded98096ee52649b1d00.jpg,MKoacs6286
processed_N98_jpeg.rf.9cfe9b98989caa8c5b0145d8ef6a8b9a.jpg,M1UmH Ci 227
bf0aac0878b0a3d2_jpg.rf.ba5bcf0a000e0697a1cadf17972c5c37.jpg,HAPPY 42 8rrday MH2F
processed_UP25_jpg.rf.5a0686da38029befea4211bc9abe7a73.jpg,Up3 T#Feezz
processed_cc80e5c6-2cb7-40f7-a072-3f4cb5a56c65___Dileep_Car_Innova_1-jpg_jpeg.rf.07a5a95f349a3811517664ddaabee84f.jpg,~KLi07_ 6p.2007
frame-1270_jpg.rf.857824e352db8ed2bf4a6fa964d90299.jpg,"1paghrch ~Chuhhh"""
processed_video3_1750_jpg.rf.fc280e74ddcdd35c37815e0349506f76.jpg,1F1X H1 HHl
processed_Datacluster_number_plates-53-_jpg.rf.e9a63f4ab6a489dfed1bd683d35d8dad.jpg,Ka28M1624
IMG20200222154953_jpg.rf.27b98e5bfe424bd375ef5c2dfab97b88.jpg,MH 04 DR 5444
ies_jpg.rf.c7d1d35e8994ecf06f78ebe96575351f.jpg,Kaozhu5403
processed_video6_1020_jpg.rf.9319129829410ab818114e20b2dcf0c3.jpg,1xh021s9365
processed_car-wbs-TN38BY4191_00000_jpeg.rf.89fb55c08aa9463f169d45cf701def20.jpg,TMJ88YL191
processed_video6_1090_jpg.rf.a05eb3f5506f5516699cfb69dad7339b.jpg,1o2dss3s7
video11_2010_jpg.rf.564206f99a6bce081ed502ea89f3a7cc.jpg,Atssst HHA [U lwuwuh
processed_fac9f4e6-c4b9-4872-86da-79d58ea2adc5___5273-jpg-Copy_jpeg.rf.f5f6e3448da792c9688075bd2e988e44.jpg,Joa p2u
processed_video11_2780_jpg.rf.354969af3fdb65aafb5fada26cbac24e.jpg,K 441032s40807
images-21-_jpg.rf.11584b165516de8349f93d54e866ce29.jpg,1Jz 51
video6_1090_jpg.rf.a05eb3f5506f5516699cfb69dad7339b.jpg,Hmn02m5
processed_JH1_jpg.rf.4288e7fa8ac7f51163817d1315a8a73c.jpg,26 744023272 Dr
9ea92991-8fdf-4b46-aea1-bf08ecff247c___new_1107433d1373284570-my-modded-skoda-rapid-now-166-bhp-351-nm-119-whp-per-tonne-hdr_00005_normal-jpg_jpeg.rf.eaf1be321407c13b92c715341ee4e6ae.jpg,TH078U5427
e3f5fe39-d157-49fa-a0c9-b96ca1234a64___bike-scooter-number-plate-frame-rear-500x500-jpg_jpeg.rf.0c6e32511ef4a7d557e2254c8ccfa8ba.jpg,1ndL DL25 856930
video8_770_jpg.rf.be5d51c17c93f2d51bcf9e4fd21d3033.jpg,Vlcr73e
Datacluster_number_plates-53-_jpg.rf.e9a63f4ab6a489dfed1bd683d35d8dad.jpg,D0P KA38M1674
b9f5b9acf1777acf_jpg.rf.b1cda49c857b61c2bcdfdf62ecef30a9.jpg,6LEN1E
video8_1410_jpg.rf.31af83d2a9222e92c9a7f35bb3732f4b.jpg,HH 47 5054
747b0f12f54703ee_jpg.rf.e1791943b60355b2a387987a1443e344.jpg,0 v E R FinC H A7 0VF
video6_1070_jpg.rf.ad008c0d771fa6e09871bd398e6b96b9.jpg,[8h020s9365]
TR3_jpg.rf.56819d7905c430899b96877a1a12aa95.jpg,F02d504
processed_KA10_jpg.rf.2da2636025f4b651cf725a72d8a58386.jpg,KA04M67528
processed_MH8_jpg.rf.26d99518e0a08c3790c612b23a3eb1ea.jpg,Lozoazuo
processed_video3_1790_jpg.rf.93f9cd6fe6bc9361fc21b6ce480be671.jpg,1Ni42 W F48z
IMG_20200222_183901_jpg.rf.7b48791577dced9354a716488f309fd9.jpg,MK 46AL0298
frame-2375_jpg.rf.a750fd81cb73e12da621482b0f41b9b5.jpg,Miacheka
processed_IMG-20200222-WA0024-1-_jpg.rf.4f334d496861c31da5cad16c03d8b350.jpg,44* 0ozezz24
images-14-_jpg.rf.dfc735193c5326bff877fc418f9e3326.jpg,(D 4526 JH1
processed_DL38_jpg.rf.288a83d438a5e3aa6fad95a729e695a1.jpg,PoLgc103239
IMG_20200222_183617_jpg.rf.30f7f26630739a9f555550bd07ecb742.jpg,MH 02.DN.6399
processed_video11_1280_jpg.rf.80e6021c0f99d273dd3a8ba251daa52b.jpg,WHo1081477
IMG-20200222-WA0012_jpg.rf.f8ba2932228474ee94b72e432c79deb5.jpg,Mh 43 AW  1293
processed_video3_650_jpg.rf.e411a3140392ae2aa912b59d38ab73a7.jpg,KH 02 er 9134
IMG20200222211532_jpg.rf.35fe6bd990a936a7d9b087ad696de94a.jpg,@qk= 4458 2AR
processed_N168_jpeg.rf.d89bb99cf0aab2ac0a655fc5307645d6.jpg,RHd38s
IMG_20200222_185013_jpg.rf.aeb2a0765966f369d51dcedcde035324.jpg,MHL38K7 131
processed_PY13_jpg.rf.ef893e2cf51e56b2cfbb917e23dd1cc8.jpg,F7g1coz92}
0b24d6ed-d32f-420d-bc18-03deece29073___2015-Maruti-Ciaz-Test-Drive-Review-jpg_jpeg.rf.a34f6edcb9cf0d8dba0f8803975187cb.jpg,LR1CK 05YU
processed_IMG_20200222_184153_jpg.rf.be781603383fc2e1e8cd8fd01ed98048.jpg,MM44 7M
processed_video8_920_jpg.rf.da0cf439b9b726028ebb6e5dbf3b3144.jpg,parccy
processed_car-wbs-MH20DJ0419_00000_jpeg.rf.e4b3c8c7e022f54723acec97eca85672.jpg,[4h2o0vo4n3 Ma
processed_HR5_jpg.rf.fecbed4aa532b728e272626f6a2958bb.jpg,"li:1-1* @PP iiilif: E ""4R26cC7676"
video2_3560_jpg.rf.10ecbefd9ec32b65e89490fcb9e9754f.jpg,M  0? Aq ?259
TR5_jpg.rf.c1d307238f8b6e350bbcfb9df2dad4f6.jpg,TR0LX0482
processed_IMG20200222153317_jpg.rf.4c058bd1306dc88f8850519de73592f7.jpg,E#28 MHzEH 2z40
IMG20200222210135_jpg.rf.261649e8e7db2c8659c439d54d33860b.jpg,EX4476 Mh4s
video3_1790_jpg.rf.93f9cd6fe6bc9361fc21b6ce480be671.jpg,Mh 02 8T 6487
video11_2610_jpg.rf.41ab15959edda21e8ae92be6b58a6425.jpg,MH4z YJ124
7616cb19-df24-4d29-b679-5252391a547f___Skoda-Laura-rear-jpg_jpeg.rf.96afe0a4e3b68b0491a10a075666be78.jpg,"M0"" AR 6274 QuikrCors"
processed_video2_2150_jpg.rf.0a6e1537b5a0c6e9a64b048a29bb6163.jpg,NH 47  0205
IMG_20200222_183818_jpg.rf.105ac8914db47bb148fab20213810b41.jpg,Mi0L D8.7784
Z_jpg.rf.2021aaf23c53a267f685841f1a9c15f7.jpg,8J69 HED
processed_IMG_20200222_224531_jpg.rf.b646be9b8d0af2ea74eefa611d6471d9.jpg,M+ot8U2366=
IMG_20200222_184518_jpg.rf.25f074192bdf324b9e61a9e24246fc14.jpg,MH0LDY 1087
RJ4_jpg.rf.7ef359807fc8ff2e1ac9767616d0cca7.jpg,RJ20cD5118
processed_video2_2550_jpg.rf.46eee46a99493a8e77aa34f492bec0f4.jpg,02 [L 54W
processed_f73b754cdb1ab677_jpg.rf.665b1f557b6af7413758579481e84b46.jpg,0M422520
processed_N97_jpeg.rf.5278302ca5a73a462f469ddceabc1bf2.jpg,M1) 0348
0e50ea14c4fc1353_jpg.rf.30028e7d0e0716a4232396eb191df3f7.jpg,Wh MD8 1moges
MH8_jpg.rf.26d99518e0a08c3790c612b23a3eb1ea.jpg,Mhloz DN 7410]
processed_video3_40_jpg.rf.1e2b43a6c49b2aae0c108932e39aeb46.jpg,MH0LCL171Q 
N220_jpeg.rf.85450aaf2c07748962b512e73a6cae00.jpg,'M1L208N 3525
processed_video11_4630_jpg.rf.cf24c8f012be288a6c0caa8128bc439d.jpg,KH01AX3070
processed_b25d7d2cb7abf86b_jpg.rf.42ce019064f4f68c530c23e5363706b8.jpg,#QWd 47392'
UP3_jpg.rf.e5794e5ea2b58278defb85df3602e0b1.jpg,UP80EA 1666
IMG20200222205358_jpg.rf.08df33e6c1437487c32bb69ae57b2bb2.jpg,MH03 CM3379
video11_1680_jpg.rf.26098d3b3f729753e90c9612e36a49ca.jpg,J0DD) V1.0200J6s
video11_3320_jpg.rf.1a9da36b5f68c50097ed2d4d5ee2807d.jpg,"0fun *itus JNieo MH,02,8Q.9628"
